﻿first_name,last_name,email,org_name,role
Thanakorn,Thaminkaew,thanakorn.th@depa.or.th,สถาบันส่งเสริมการวิเคราะห์และบริหารข้อมูลขนาดใหญ่ภาครัฐ (GBDi),editor
Name1,Surname1,name1.su@depa.pr.th,ฝ่ายกลยุทธ์องค์กร,member
Name2,Surname2,name2.su@depa.pr.th,ฝ่ายกลยุทธ์องค์กร,member
Name3,Surname3,name3.su@depa.pr.th,ฝ่ายอำนวยการสำนักงาน,editor
